{"cameraMode":{"drawMode":0,"name":"Shaded","section":"Shading Mode"},"sceneLighting":false,"audioPlay":false,"sceneViewState":{"m_AlwaysRefresh":false,"showFog":false,"showSkybox":false,"showFlares":false,"showImageEffects":false,"showParticleSystems":false,"showVisualEffectGraphs":true,"m_FxEnabled":false},"in2DMode":false,"pivot":{"x":-0.15444152057170869,"y":0.5287880301475525,"z":-0.3711256980895996},"rotation":{"x":-0.006672724615782499,"y":0.9853227138519287,"z":-0.1659030169248581,"w":-0.039630401879549029},"size":1.209027647972107,"orthographic":false}