{"cameraMode":{"drawMode":0,"name":"Shaded","section":"Shading Mode"},"sceneLighting":false,"audioPlay":false,"sceneViewState":{"m_AlwaysRefresh":false,"showFog":true,"showSkybox":false,"showFlares":true,"showImageEffects":true,"showParticleSystems":true,"showVisualEffectGraphs":true,"m_FxEnabled":true},"in2DMode":false,"pivot":{"x":0.24357962608337403,"y":1.493939995765686,"z":0.6173738241195679},"rotation":{"x":0.07071878015995026,"y":-0.8852373957633972,"z":0.1433132290840149,"w":0.43682533502578738},"size":1.9280509948730469,"orthographic":true}