{"cameraMode":{"drawMode":0,"name":"Shaded","section":"Shading Mode"},"sceneLighting":false,"audioPlay":false,"sceneViewState":{"m_AlwaysRefresh":false,"showFog":true,"showSkybox":false,"showFlares":true,"showImageEffects":true,"showParticleSystems":true,"showVisualEffectGraphs":true,"m_FxEnabled":true},"in2DMode":false,"pivot":{"x":-1.1920928955078126e-7,"y":0.776289701461792,"z":-0.2838158905506134},"rotation":{"x":0.04751955717802048,"y":-0.9488795399665833,"z":0.1741379052400589,"w":0.25893455743789675},"size":1.2305961847305298,"orthographic":true}