{"cameraMode":{"drawMode":0,"name":"Shaded","section":"Shading Mode"},"sceneLighting":false,"audioPlay":false,"sceneViewState":{"m_AlwaysRefresh":false,"showFog":true,"showSkybox":false,"showFlares":true,"showImageEffects":true,"showParticleSystems":true,"showVisualEffectGraphs":true,"m_FxEnabled":true},"in2DMode":false,"pivot":{"x":-0.4877490997314453,"y":1.265589952468872,"z":0.32378068566322329},"rotation":{"x":-0.00457080639898777,"y":-0.9943094253540039,"z":-0.04776368290185928,"w":0.09514454752206803},"size":1.2669367790222169,"orthographic":true}