{"cameraMode":{"drawMode":0,"name":"Shaded","section":"Shading Mode"},"sceneLighting":false,"audioPlay":false,"sceneViewState":{"m_AlwaysRefresh":false,"showFog":true,"showSkybox":false,"showFlares":true,"showImageEffects":true,"showParticleSystems":true,"showVisualEffectGraphs":true,"m_FxEnabled":true},"in2DMode":false,"pivot":{"x":5.960464477539063e-8,"y":0.8164780139923096,"z":-0.053153976798057559},"rotation":{"x":0.010858499445021153,"y":0.9882597327232361,"z":-0.12669038772583009,"w":0.08470271527767182},"size":1.209027647972107,"orthographic":false}