{"cameraMode":{"drawMode":0,"name":"Shaded","section":"Shading Mode"},"sceneLighting":false,"audioPlay":false,"sceneViewState":{"m_AlwaysRefresh":false,"showFog":true,"showSkybox":false,"showFlares":true,"showImageEffects":true,"showParticleSystems":true,"showVisualEffectGraphs":true,"m_FxEnabled":true},"in2DMode":false,"pivot":{"x":0.28816986083984377,"y":6.704407691955566,"z":-0.5904078483581543},"rotation":{"x":0.15081588923931123,"y":-0.7343735694885254,"z":0.17341960966587068,"w":0.6386533975601196},"size":20.077688217163087,"orthographic":true}