{"cameraMode":{"drawMode":0,"name":"Shaded","section":"Shading Mode"},"sceneLighting":true,"audioPlay":false,"sceneViewState":{"m_AlwaysRefresh":false,"showFog":true,"showSkybox":true,"showFlares":true,"showImageEffects":true,"showParticleSystems":true,"showVisualEffectGraphs":true,"m_FxEnabled":true},"in2DMode":false,"pivot":{"x":-0.12338995933532715,"y":1.0108098983764649,"z":0.5734042525291443},"rotation":{"x":0.019900279119610788,"y":-0.7479002475738525,"z":0.022443486377596856,"w":0.6631362438201904},"size":2.627014636993408,"orthographic":true}